,word,wordCount,wordImportance
0,:,6015,0.0004990847901028807
1,@,5005,0.0005997992032904751
2,http,3765,0.0007973426327938454
3,!,2964,0.0010128188301176883
4,#,2670,0.0011243427012991864
5,.,2006,0.0014965079822875514
6,-,1880,0.0015968058576961849
7,",",1668,0.0017997572017199209
8,rt,1347,0.0022286525705039555
9,'s,777,0.0038635714446188267
10,?,703,0.004270263175631334
11,),580,0.005175853469773842
12,;,527,0.005696385222901002
13,win,509,0.00589782910111754
14,giveaway,455,0.006597791236195226
15,n't,430,0.006981383749927506
16,$,427,0.007030433284470323
17,(,418,0.007181806249925426
18,...,378,0.007941785747272032
19,&,377,0.007962851491959756
20,enter,299,0.010040117098557953
21,via,273,0.010996318726992043
22,amp,259,0.011590714333856477
23,'m,249,0.012056204869352721
24,new,235,0.012774446861569479
25,',226,0.013283163771985965
26,um,220,0.013645431874858309
27,gift,217,0.013834078398473861
28,'',216,0.013898125057726056
29,youtube,216,0.013898125057726056
30,get,214,0.014028014076957139
31,card,205,0.014643878109604038
32,v√£¬≠deo,201,0.014935298569496656
33,gostei,200,0.015009975062344139
34,``,195,0.01539484621778886
35,justinbieber,193,0.015554378302947295
36,like,186,0.01613975813155284
37,good,183,0.016404344330430753
38,one,179,0.016770921857367754
39,today,178,0.016865140519487797
40,2,165,0.018193909166477746
41,..,152,0.01974996718729492
42,[,152,0.01974996718729492
43,],146,0.020561609674444026
44,blogboost,146,0.020561609674444026
45,3,145,0.020703413879095366
46,time,142,0.021140809946963577
47,*,140,0.021442821517634485
48,see,139,0.021597086420639053
49,want,137,0.02191237235378707
50,know,136,0.022073492738741384
51,love,135,0.022237000092361688
52,day,134,0.022402947854244987
53,go,126,0.023825357241816093
54,make,112,0.026803526897043104
55,got,111,0.027045000112331782
56,pack,110,0.027290863749716617
57,customer,107,0.028056028153914277
58,50,104,0.028865336658354116
59,'re,104,0.028865336658354116
60,business,104,0.028865336658354116
61,back,102,0.029431323651655177
62,na,101,0.02972272289573097
63,100,100,0.030019950124688277
64,gypsylullaby7,99,0.030323181944129578
65,|,98,0.030632602168049264
66,4,98,0.030632602168049264
67,entered,97,0.030948402190400286
68,us,95,0.03159994749967188
69,lol,94,0.0319361171539237
70,need,91,0.03298895618097613
71,going,90,0.03335550013854253
72,people,88,0.03411357968714577
73,happy,88,0.03411357968714577
74,'ll,86,0.034906918749637535
75,thank,86,0.034906918749637535
76,ca,85,0.03531758838198621
77,way,85,0.03531758838198621
78,well,85,0.03531758838198621
79,think,84,0.03573803586272414
80,show,83,0.03616861460805817
81,best,83,0.03616861460805817
82,still,81,0.037061666820602815
83,sweepstakes,81,0.037061666820602815
84,prize,80,0.03752493765586035
85,1,79,0.03799993686669402
86,really,77,0.038986948213880886
87,thanks,76,0.03949993437458984
88,ends,75,0.040026600166251036
89,iphone,75,0.040026600166251036
90,5,74,0.040567500168497674
91,'ve,73,0.04112321934888805
92,night,71,0.042281619893927154
93,find,71,0.042281619893927154
94,home,70,0.04288564303526897
95,would,70,0.04288564303526897
96,free,69,0.043507174093751134
97,life,69,0.043507174093751134
98,better,69,0.043507174093751134
99,watch,68,0.04414698547748277
100,right,68,0.04414698547748277
101,chelikans,67,0.04480589570848997
102,work,66,0.045484772916194356
103,much,66,0.045484772916194356
104,great,65,0.04618453865336659
105,haha,65,0.04618453865336659
106,could,65,0.04618453865336659
107,black,65,0.04618453865336659
108,post,64,0.04690617206982543
109,even,63,0.04765071448363219
110,game,63,0.04765071448363219
111,last,63,0.04765071448363219
112,set,62,0.04841927439465852
113,twitter,61,0.04921303299129226
114,marinaathegreat,60,0.050033250207813795
115,fedupmovie,59,0.05088127139777675
116,year,59,0.05088127139777675
117,help,58,0.05175853469773842
118,online,57,0.05266657916611979
119,christmas,56,0.05360705379408621
120,tips,56,0.05360705379408621
121,lilbrowngrrl,56,0.05360705379408621
122,case,56,0.05360705379408621
123,tonight,55,0.054581727499433234
124,check,55,0.054581727499433234
125,never,55,0.054581727499433234
126,world,54,0.05559250023090422
127,muhreeuh24,54,0.05559250023090422
128,marketing,54,0.05559250023090422
129,week,53,0.05664141532960053
130,amazon,53,0.05664141532960053
131,gc,52,0.05773067331670823
132,sure,52,0.05773067331670823
133,food,52,0.05773067331670823
134,yes,52,0.05773067331670823
135,read,52,0.05773067331670823
136,always,51,0.05886264730331035
137,social,51,0.05886264730331035
138,akunose,51,0.05886264730331035
139,2012,50,0.060039900249376554
140,canon,49,0.06126520433609853
141,sarahmayhem,49,0.06126520433609853
142,feel,49,0.06126520433609853
143,u,49,0.06126520433609853
144,shit,49,0.06126520433609853
145,blog,49,0.06126520433609853
146,gon,49,0.06126520433609853
147,awesome,49,0.06126520433609853
148,look,48,0.06254156275976724
149,music,48,0.06254156275976724
150,hope,47,0.0638722343078474
151,video,47,0.0638722343078474
152,oh,47,0.0638722343078474
153,keep,47,0.0638722343078474
154,/,47,0.0638722343078474
155,give,46,0.06526076114062669
156,start,46,0.06526076114062669
157,thing,46,0.06526076114062669
158,10,46,0.06526076114062669
159,hahaha,46,0.06526076114062669
160,menshealthmag,46,0.06526076114062669
161,next,46,0.06526076114062669
162,gt,45,0.06671100027708506
163,everyone,45,0.06671100027708506
164,media,45,0.06671100027708506
165,stop,45,0.06671100027708506
166,take,45,0.06671100027708506
167,let,44,0.06822715937429154
168,service,44,0.06822715937429154
169,say,43,0.06981383749927507
170,digital,43,0.06981383749927507
171,little,43,0.06981383749927507
172,looking,43,0.06981383749927507
173,%,43,0.06981383749927507
174,üòí,43,0.06981383749927507
175,tomorrow,43,0.06981383749927507
176,25,42,0.07147607172544829
177,whole,42,0.07147607172544829
178,amazing,42,0.07147607172544829
179,try,42,0.07147607172544829
180,real,42,0.07147607172544829
181,anafielle,42,0.07147607172544829
182,use,41,0.0732193905480202
183,dreamofmelissa,41,0.0732193905480202
184,every,41,0.0732193905480202
185,facebook,41,0.0732193905480202
186,target,40,0.0750498753117207
187,+,40,0.0750498753117207
188,things,40,0.0750498753117207
189,ever,40,0.0750498753117207
190,‚Äô,40,0.0750498753117207
191,done,39,0.0769742310889443
192,usb,39,0.0769742310889443
193,may,39,0.0769742310889443
194,first,39,0.0769742310889443
195,big,39,0.0769742310889443
196,follow,39,0.0769742310889443
197,top,39,0.0769742310889443
198,hate,38,0.07899986874917968
199,school,38,0.07899986874917968
200,someone,38,0.07899986874917968
201,learn,38,0.07899986874917968
202,ok,38,0.07899986874917968
203,getting,38,0.07899986874917968
204,camera,38,0.07899986874917968
205,movie,38,0.07899986874917968
206,guys,37,0.08113500033699535
207,also,37,0.08113500033699535
208,please,37,0.08113500033699535
209,page,37,0.08113500033699535
210,hard,37,0.08113500033699535
211,away,37,0.08113500033699535
212,made,37,0.08113500033699535
213,nice,36,0.08338875034635633
214,....,36,0.08338875034635633
215,7,36,0.08338875034635633
216,getglue,36,0.08338875034635633
217,hey,36,0.08338875034635633
218,lt,36,0.08338875034635633
219,daily,35,0.08577128607053794
220,join,35,0.08577128607053794
221,headphones,35,0.08577128607053794
222,success,35,0.08577128607053794
223,kids,35,0.08577128607053794
224,long,35,0.08577128607053794
225,makes,35,0.08577128607053794
226,pampers,34,0.08829397095496554
227,tell,34,0.08829397095496554
228,though,34,0.08829397095496554
229,x,34,0.08829397095496554
230,solrepublic,34,0.08829397095496554
231,sorry,34,0.08829397095496554
232,man,34,0.08829397095496554
233,something,34,0.08829397095496554
234,many,34,0.08829397095496554
235,bad,34,0.08829397095496554
236,customers,34,0.08829397095496554
237,men,34,0.08829397095496554
238,imagecomics,33,0.09096954583238871
239,news,33,0.09096954583238871
240,master,33,0.09096954583238871
241,yeah,33,0.09096954583238871
242,contest,33,0.09096954583238871
243,w/,33,0.09096954583238871
244,money,33,0.09096954583238871
245,coming,33,0.09096954583238871
246,excited,32,0.09381234413965087
247,end,32,0.09381234413965087
248,said,32,0.09381234413965087
249,morning,32,0.09381234413965087
250,phone,32,0.09381234413965087
251,high_times_mag,32,0.09381234413965087
252,value,32,0.09381234413965087
253,200,32,0.09381234413965087
254,making,32,0.09381234413965087
255,lot,32,0.09381234413965087
256,sa,32,0.09381234413965087
257,aww,32,0.09381234413965087
258,justin,32,0.09381234413965087
259,mom,32,0.09381234413965087
260,foods,31,0.09683854878931704
261,guide,31,0.09683854878931704
262,live,31,0.09683854878931704
263,apple,31,0.09683854878931704
264,already,31,0.09683854878931704
265,tweet,31,0.09683854878931704
266,birthday,31,0.09683854878931704
267,visa,31,0.09683854878931704
268,stories,31,0.09683854878931704
269,true,31,0.09683854878931704
270,small,31,0.09683854878931704
271,around,31,0.09683854878931704
272,book,31,0.09683854878931704
273,job,31,0.09683854878931704
274,fun,31,0.09683854878931704
275,looks,30,0.10006650041562759
276,must,30,0.10006650041562759
277,tlcclub,30,0.10006650041562759
278,ass,30,0.10006650041562759
279,6,30,0.10006650041562759
280,hd,30,0.10006650041562759
281,fire,29,0.10351706939547684
282,old,29,0.10351706939547684
283,tracks,29,0.10351706939547684
284,perfect,29,0.10351706939547684
285,since,29,0.10351706939547684
286,friends,29,0.10351706939547684
287,believe,29,0.10351706939547684
288,wanted,29,0.10351706939547684
289,system,29,0.10351706939547684
290,review,29,0.10351706939547684
291,michelleshaeffr,29,0.10351706939547684
292,tablet,29,0.10351706939547684
293,chriswarcraft,29,0.10351706939547684
294,easy,29,0.10351706939547684
295,play,28,0.10721410758817242
296,fans,28,0.10721410758817242
297,hot,28,0.10721410758817242
298,series,28,0.10721410758817242
299,build,28,0.10721410758817242
300,interview,28,0.10721410758817242
301,cause,28,0.10721410758817242
302,500,28,0.10721410758817242
303,ready,28,0.10721410758817242
304,coffee,28,0.10721410758817242
305,https,28,0.10721410758817242
306,im,28,0.10721410758817242
307,wish,28,0.10721410758817242
308,women,27,0.11118500046180844
309,'d,27,0.11118500046180844
310,miss,27,0.11118500046180844
311,familyfocusblog,27,0.11118500046180844
312,summer,27,0.11118500046180844
313,trying,27,0.11118500046180844
314,days,27,0.11118500046180844
315,edition,27,0.11118500046180844
316,kindle,27,0.11118500046180844
317,üòò,27,0.11118500046180844
318,download,27,0.11118500046180844
319,guess,27,0.11118500046180844
320,n,26,0.11546134663341646
321,dead,26,0.11546134663341646
322,pic,26,0.11546134663341646
323,green,26,0.11546134663341646
324,sweet,26,0.11546134663341646
325,call,26,0.11546134663341646
326,bit,26,0.11546134663341646
327,freeaveragejoe,26,0.11546134663341646
328,4s,26,0.11546134663341646
329,using,26,0.11546134663341646
330,üòÇ,26,0.11546134663341646
331,starting,26,0.11546134663341646
332,years,26,0.11546134663341646
333,fan,26,0.11546134663341646
334,wait,26,0.11546134663341646
335,soon,26,0.11546134663341646
336,part,26,0.11546134663341646
337,two,25,0.12007980049875311
338,blu-ray,25,0.12007980049875311
339,office,25,0.12007980049875311
340,remember,25,0.12007980049875311
341,baby,25,0.12007980049875311
342,mikeyboycanada,25,0.12007980049875311
343,microsoft,25,0.12007980049875311
344,blog30,25,0.12007980049875311
345,family,25,0.12007980049875311
346,2013,25,0.12007980049875311
347,simonethewanted,25,0.12007980049875311
348,shows,25,0.12007980049875311
349,maybe,24,0.1250831255195345
350,ko,24,0.1250831255195345
351,{,24,0.1250831255195345
352,girl,24,0.1250831255195345
353,8,24,0.1250831255195345
354,‚Äú,24,0.1250831255195345
355,high,24,0.1250831255195345
356,create,24,0.1250831255195345
357,stay,24,0.1250831255195345
358,omg,24,0.1250831255195345
359,yet,24,0.1250831255195345
360,gets,24,0.1250831255195345
361,super,24,0.1250831255195345
362,team,24,0.1250831255195345
363,mind,23,0.13052152228125338
364,pizza,23,0.13052152228125338
365,pretty,23,0.13052152228125338
366,sleep,23,0.13052152228125338
367,internet,23,0.13052152228125338
368,bossypally,23,0.13052152228125338
369,actually,23,0.13052152228125338
370,travelgirl1971,23,0.13052152228125338
371,sold,23,0.13052152228125338
372,season,23,0.13052152228125338
373,put,23,0.13052152228125338
374,wo,23,0.13052152228125338
375,wholefoods,23,0.13052152228125338
376,concert,23,0.13052152228125338
377,samsung,23,0.13052152228125338
378,twittsmcgee,23,0.13052152228125338
379,mo,23,0.13052152228125338
380,fashion,23,0.13052152228125338
381,},22,0.13645431874858308
382,dark,22,0.13645431874858308
383,emma_moat,22,0.13645431874858308
384,deal,22,0.13645431874858308
385,link,22,0.13645431874858308
386,games,22,0.13645431874858308
387,special,22,0.13645431874858308
388,popculturemob,22,0.13645431874858308
389,plus,22,0.13645431874858308
390,test,22,0.13645431874858308
391,says,22,0.13645431874858308
392,thought,22,0.13645431874858308
393,vrzone,22,0.13645431874858308
394,otterbox,22,0.13645431874858308
395,almost,22,0.13645431874858308
396,fuck,22,0.13645431874858308
397,sneakersaddict,22,0.13645431874858308
398,laurenj77,22,0.13645431874858308
399,bieberinbrooklyn,22,0.13645431874858308
400,jaythewanted,21,0.14295214345089657
401,full,21,0.14295214345089657
402,tickets,21,0.14295214345089657
403,white,21,0.14295214345089657
404,cute,21,0.14295214345089657
405,tv,21,0.14295214345089657
406,20,21,0.14295214345089657
407,another,21,0.14295214345089657
408,winter,21,0.14295214345089657
409,cash,21,0.14295214345089657
410,break,21,0.14295214345089657
411,artist,21,0.14295214345089657
412,enjoy,21,0.14295214345089657
413,screen,21,0.14295214345089657
414,collection,21,0.14295214345089657
415,red,21,0.14295214345089657
416,story,21,0.14295214345089657
417,r,21,0.14295214345089657
418,brother,21,0.14295214345089657
419,_vidyala,21,0.14295214345089657
420,forward,21,0.14295214345089657
421,boys,21,0.14295214345089657
422,choice,21,0.14295214345089657
423,ng,21,0.14295214345089657
424,kiba153chan,20,0.1500997506234414
425,info,20,0.1500997506234414
426,mamasmoney,20,0.1500997506234414
427,thewayyouglow,20,0.1500997506234414
428,damn,20,0.1500997506234414
429,everything,20,0.1500997506234414
430,important,20,0.1500997506234414
431,lose,20,0.1500997506234414
432,mother,20,0.1500997506234414
433,xo,20,0.1500997506234414
434,heart,20,0.1500997506234414
435,cover,20,0.1500997506234414
436,ways,20,0.1500997506234414
437,late,20,0.1500997506234414
438,anyone,20,0.1500997506234414
439,name,20,0.1500997506234414
440,giving,20,0.1500997506234414
441,save,20,0.1500997506234414
442,wan,20,0.1500997506234414
443,star,20,0.1500997506234414
444,far,20,0.1500997506234414
445,jasyla_,20,0.1500997506234414
446,went,20,0.1500997506234414
447,wireless,20,0.1500997506234414
448,class,20,0.1500997506234414
449,_giselle,20,0.1500997506234414
450,packaging,20,0.1500997506234414
451,audio,19,0.15799973749835935
452,war,19,0.15799973749835935
453,watching,19,0.15799973749835935
454,found,19,0.15799973749835935
455,yung,19,0.15799973749835935
456,nope,19,0.15799973749835935
457,idea,19,0.15799973749835935
458,ask,19,0.15799973749835935
459,google,19,0.15799973749835935
460,drive,19,0.15799973749835935
461,challenge,19,0.15799973749835935
462,~,19,0.15799973749835935
463,yvonneajones,19,0.15799973749835935
464,girls,19,0.15799973749835935
465,secret,19,0.15799973749835935
466,votethewanteduk,19,0.15799973749835935
467,count,19,0.15799973749835935
468,seen,19,0.15799973749835935
469,bitch,19,0.15799973749835935
470,vote,19,0.15799973749835935
471,wow,19,0.15799973749835935
472,lang,19,0.15799973749835935
473,month,19,0.15799973749835935
474,place,19,0.15799973749835935
475,luck,19,0.15799973749835935
476,discopriest,19,0.15799973749835935
477,code,19,0.15799973749835935
478,swtor,19,0.15799973749835935
479,copy,19,0.15799973749835935
480,louisvuitton,19,0.15799973749835935
481,course,19,0.15799973749835935
482,‚Ä¶,19,0.15799973749835935
483,plan,19,0.15799973749835935
484,talk,19,0.15799973749835935
485,thanksbaby,19,0.15799973749835935
486,em,19,0.15799973749835935
487,cable,18,0.16677750069271266
488,ps,18,0.16677750069271266
489,2014,18,0.16677750069271266
490,12reasonswhy,18,0.16677750069271266
491,hello,18,0.16677750069271266
492,weekend,18,0.16677750069271266
493,com,18,0.16677750069271266
494,ipad,18,0.16677750069271266
495,thruyoureyes,18,0.16677750069271266
496,ka,18,0.16677750069271266
497,update,18,0.16677750069271266
498,nothing,18,0.16677750069271266
499,crazy,18,0.16677750069271266
500,list,18,0.16677750069271266
501,girlfriend,18,0.16677750069271266
502,picture,18,0.16677750069271266
503,mean,18,0.16677750069271266
504,pnut,18,0.16677750069271266
505,running,18,0.16677750069271266
506,buy,18,0.16677750069271266
507,blogging,18,0.16677750069271266
508,working,18,0.16677750069271266
509,fucking,18,0.16677750069271266
510,galaxy,18,0.16677750069271266
511,care,18,0.16677750069271266
512,goes,18,0.16677750069271266
513,feeling,18,0.16677750069271266
514,tenshin26100,18,0.16677750069271266
515,worth,18,0.16677750069271266
516,est,18,0.16677750069271266
517,art,18,0.16677750069271266
518,üòÇüòÇüòÇ,18,0.16677750069271266
519,weight,18,0.16677750069271266
520,15,18,0.16677750069271266
521,add,18,0.16677750069271266
522,kca,18,0.16677750069271266
523,yesterday,17,0.17658794190993107
524,become,17,0.17658794190993107
525,box,17,0.17658794190993107
526,change,17,0.17658794190993107
527,tech,17,0.17658794190993107
528,bieber,17,0.17658794190993107
529,power,17,0.17658794190993107
530,meet,17,0.17658794190993107
531,single,17,0.17658794190993107
532,needs,17,0.17658794190993107
533,lil_rip_3000,17,0.17658794190993107
534,12,17,0.17658794190993107
535,blue,17,0.17658794190993107
536,seriously,17,0.17658794190993107
537,üòç,17,0.17658794190993107
538,without,17,0.17658794190993107
539,sunday,17,0.17658794190993107
540,retail,17,0.17658794190993107
541,walmart,17,0.17658794190993107
542,biz,17,0.17658794190993107
543,hugs,17,0.17658794190993107
544,sony,17,0.17658794190993107
545,gr8t,17,0.17658794190993107
546,quality,17,0.17658794190993107
547,journaldugeek,17,0.17658794190993107
548,jonsboricuagal,17,0.17658794190993107
549,thxmailcarrier,17,0.17658794190993107
550,cat,17,0.17658794190993107
551,stand,17,0.17658794190993107
552,local,17,0.17658794190993107
553,report,17,0.17658794190993107
554,others,17,0.17658794190993107
555,complete,17,0.17658794190993107
556,cuisinart,17,0.17658794190993107
557,car,17,0.17658794190993107
558,friend,17,0.17658794190993107
559,jay,17,0.17658794190993107
560,company,17,0.17658794190993107
561,computer,17,0.17658794190993107
562,god,17,0.17658794190993107
563,reasons,17,0.17658794190993107
564,marinabasilio_,17,0.17658794190993107
565,blancodiddy,17,0.17658794190993107
566,article,17,0.17658794190993107
567,cards,17,0.17658794190993107
568,early,17,0.17658794190993107
569,cut,16,0.18762468827930173
570,training,16,0.18762468827930173
571,light,16,0.18762468827930173
572,different,16,0.18762468827930173
573,^^,16,0.18762468827930173
574,thewanted,16,0.18762468827930173
575,software,16,0.18762468827930173
576,sales,16,0.18762468827930173
577,pro,16,0.18762468827930173
578,email,16,0.18762468827930173
579,head,16,0.18762468827930173
580,fast,16,0.18762468827930173
581,cool,16,0.18762468827930173
582,taking,16,0.18762468827930173
583,tour,16,0.18762468827930173
584,wrong,16,0.18762468827930173
585,desertlil1,16,0.18762468827930173
586,strategies,16,0.18762468827930173
587,exactly,16,0.18762468827930173
588,favorite,16,0.18762468827930173
589,talking,16,0.18762468827930173
590,hair,16,0.18762468827930173
591,tw,16,0.18762468827930173
592,√¢‚Äì¬∏,16,0.18762468827930173
593,saying,16,0.18762468827930173
594,share,16,0.18762468827930173
595,else,16,0.18762468827930173
596,matter,16,0.18762468827930173
597,lego,16,0.18762468827930173
598,tip,16,0.18762468827930173
599,brandithewanted,16,0.18762468827930173
600,b,16,0.18762468827930173
601,times,16,0.18762468827930173
602,filthycutexo,16,0.18762468827930173
603,later,16,0.18762468827930173
604,pics,16,0.18762468827930173
605,less,16,0.18762468827930173
606,babe,16,0.18762468827930173
607,sticker,16,0.18762468827930173
608,lioneris,16,0.18762468827930173
609,stage,16,0.18762468827930173
610,program,16,0.18762468827930173
611,entenmann,15,0.20013300083125518
612,listen,15,0.20013300083125518
613,body,15,0.20013300083125518
614,started,15,0.20013300083125518
615,dear,15,0.20013300083125518
616,sandy,15,0.20013300083125518
617,louisvuitton_us,15,0.20013300083125518
618,simple,15,0.20013300083125518
619,jasminetitus4,15,0.20013300083125518
620,dat,15,0.20013300083125518
621,üòú,15,0.20013300083125518
622,'the,15,0.20013300083125518
623,--,15,0.20013300083125518
624,nfl,15,0.20013300083125518
625,ideas,15,0.20013300083125518
626,might,15,0.20013300083125518
627,told,15,0.20013300083125518
628,vivaveltoro,15,0.20013300083125518
629,bamboo,15,0.20013300083125518
630,word,15,0.20013300083125518
631,order,15,0.20013300083125518
632,eos,15,0.20013300083125518
633,forget,15,0.20013300083125518
634,works,15,0.20013300083125518
635,sex,15,0.20013300083125518
636,style,15,0.20013300083125518
637,hun,15,0.20013300083125518
638,yr,15,0.20013300083125518
639,gold,15,0.20013300083125518
640,past,15,0.20013300083125518
641,lost,15,0.20013300083125518
642,holy,15,0.20013300083125518
643,√£¬©,15,0.20013300083125518
644,truth,15,0.20013300083125518
645,michael,15,0.20013300083125518
646,song,15,0.20013300083125518
647,mine,15,0.20013300083125518
648,anything,15,0.20013300083125518
649,hit,15,0.20013300083125518
650,netnet28,15,0.20013300083125518
651,content,15,0.20013300083125518
652,eve,15,0.20013300083125518
653,pink,15,0.20013300083125518
654,events,15,0.20013300083125518
655,sivathewanted,15,0.20013300083125518
656,dies,15,0.20013300083125518
657,gave,15,0.20013300083125518
658,loss,14,0.21442821517634483
659,mini,14,0.21442821517634483
660,totally,14,0.21442821517634483
661,//‚Ä¶,14,0.21442821517634483
662,woman,14,0.21442821517634483
663,park,14,0.21442821517634483
664,sad,14,0.21442821517634483
665,second,14,0.21442821517634483
666,level,14,0.21442821517634483
667,dslr,14,0.21442821517634483
668,combo,14,0.21442821517634483
669,oprah,14,0.21442821517634483
670,babybloquita,14,0.21442821517634483
671,performance,14,0.21442821517634483
672,text,14,0.21442821517634483
673,answer,14,0.21442821517634483
674,teflonbrand,14,0.21442821517634483
675,hours,14,0.21442821517634483
676,glad,14,0.21442821517634483
677,recipes,14,0.21442821517634483
678,run,14,0.21442821517634483
679,üòÇüòÇüòÇüòÇ,14,0.21442821517634483
680,//t.co/2bqv0zssxo,14,0.21442821517634483
681,along,14,0.21442821517634483
682,question,14,0.21442821517634483
683,ii,14,0.21442821517634483
684,funny,14,0.21442821517634483
685,young,14,0.21442821517634483
686,finally,14,0.21442821517634483
687,able,14,0.21442821517634483
688,siva,14,0.21442821517634483
689,proud,14,0.21442821517634483
690,spring,14,0.21442821517634483
691,annap_tw,14,0.21442821517634483
692,party,14,0.21442821517634483
693,smh,14,0.21442821517634483
694,travel,14,0.21442821517634483
695,kcco,14,0.21442821517634483
696,health,14,0.21442821517634483
697,slyborg,14,0.21442821517634483
698,including,14,0.21442821517634483
699,air,14,0.21442821517634483
700,anywhere,14,0.21442821517634483
701,=,13,0.23092269326683293
702,experience,13,0.23092269326683293
703,secrets,13,0.23092269326683293
704,shooting,13,0.23092269326683293
705,resultslady,13,0.23092269326683293
706,starbucks,13,0.23092269326683293
707,pay,13,0.23092269326683293
708,official,13,0.23092269326683293
709,moment,13,0.23092269326683293
710,instagram,13,0.23092269326683293
711,vs,13,0.23092269326683293
712,wild,13,0.23092269326683293
713,person,13,0.23092269326683293
714,disney,13,0.23092269326683293
715,timeline,13,0.23092269326683293
716,radio,13,0.23092269326683293
717,fact,13,0.23092269326683293
718,used,13,0.23092269326683293
719,improve,13,0.23092269326683293
720,pa,13,0.23092269326683293
721,followed,13,0.23092269326683293
722,5/30,13,0.23092269326683293
723,thinking,13,0.23092269326683293
724,focus,13,0.23092269326683293
725,either,13,0.23092269326683293
726,conniegreen,13,0.23092269326683293
727,photos,13,0.23092269326683293
728,loyalty,13,0.23092269326683293
729,group,13,0.23092269326683293
730,front,13,0.23092269326683293
731,cold,13,0.23092269326683293
732,linkedin,13,0.23092269326683293
733,yay,13,0.23092269326683293
734,inches,13,0.23092269326683293
735,type,13,0.23092269326683293
736,five,13,0.23092269326683293
737,available,13,0.23092269326683293
738,called,13,0.23092269326683293
739,left,13,0.23092269326683293
740,necklace,13,0.23092269326683293
741,point,13,0.23092269326683293
742,event,13,0.23092269326683293
743,key,13,0.23092269326683293
744,couponqueenoftx,13,0.23092269326683293
745,child,13,0.23092269326683293
746,missing,13,0.23092269326683293
747,road,13,0.23092269326683293
748,nyc,13,0.23092269326683293
749,bed,13,0.23092269326683293
750,episode,13,0.23092269326683293
751,american,13,0.23092269326683293
752,guy,13,0.23092269326683293
753,knight,13,0.23092269326683293
754,bundle,13,0.23092269326683293
755,dance,13,0.23092269326683293
756,missed,13,0.23092269326683293
757,dvd,13,0.23092269326683293
758,enough,13,0.23092269326683293
759,dos,13,0.23092269326683293
760,seeing,13,0.23092269326683293
761,250,13,0.23092269326683293
762,yu,13,0.23092269326683293
763,silver,13,0.23092269326683293
764,lovewithlv,13,0.23092269326683293
765,//t.co/sqqjsmeotz,13,0.23092269326683293
766,merry,12,0.250166251039069
767,board,12,0.250166251039069
768,problem,12,0.250166251039069
769,tried,12,0.250166251039069
770,fix,12,0.250166251039069
771,half,12,0.250166251039069
772,mommainflipflop,12,0.250166251039069
773,guitar,12,0.250166251039069
774,melaniekissell,12,0.250166251039069
775,anymore,12,0.250166251039069
776,thriftyniftymommy,12,0.250166251039069
777,fresa80,12,0.250166251039069
778,natural,12,0.250166251039069
779,control,12,0.250166251039069
780,yikes77,12,0.250166251039069
781,18,12,0.250166251039069
782,kevin,12,0.250166251039069
783,support,12,0.250166251039069
784,agree,12,0.250166251039069
785,windows,12,0.250166251039069
786,market,12,0.250166251039069
787,dog,12,0.250166251039069
788,reason,12,0.250166251039069
789,spot,12,0.250166251039069
790,believetour,12,0.250166251039069
791,cup,12,0.250166251039069
792,users,12,0.250166251039069
793,mars,12,0.250166251039069
794,factor,12,0.250166251039069
795,carlyraejepsen,12,0.250166251039069
796,mystery,12,0.250166251039069
797,30,12,0.250166251039069
798,ticket,12,0.250166251039069
799,bring,12,0.250166251039069
800,ang,12,0.250166251039069
801,//t.co/f564o6jwuf,12,0.250166251039069
802,dinner,12,0.250166251039069
803,89linz,12,0.250166251039069
804,face,12,0.250166251039069
805,nick,12,0.250166251039069
806,ako,12,0.250166251039069
807,pick,12,0.250166251039069
808,angelsoftmami,12,0.250166251039069
809,niiikkkkiiiii,12,0.250166251039069
810,future,12,0.250166251039069
811,3.0,12,0.250166251039069
812,fb,12,0.250166251039069
813,4g,12,0.250166251039069
814,stuff,12,0.250166251039069
815,re-think,12,0.250166251039069
816,sponsored,12,0.250166251039069
817,üòè,12,0.250166251039069
818,photo,12,0.250166251039069
819,learnit2earnit,12,0.250166251039069
820,beat,12,0.250166251039069
821,satisfaction,12,0.250166251039069
822,clear,12,0.250166251039069
823,comes,12,0.250166251039069
824,9,12,0.250166251039069
825,paul,12,0.250166251039069
826,player,12,0.250166251039069
827,druidis4fite,12,0.250166251039069
828,given,12,0.250166251039069
829,√†,12,0.250166251039069
830,site,12,0.250166251039069
831,december,12,0.250166251039069
832,dreams,12,0.250166251039069
833,rest,12,0.250166251039069
834,reading,12,0.250166251039069
835,wtf,12,0.250166251039069
836,tom,12,0.250166251039069
837,sound,12,0.250166251039069
838,adapter,12,0.250166251039069
839,pet,12,0.250166251039069
840,choosing,12,0.250166251039069
841,eh,12,0.250166251039069
842,healbot,12,0.250166251039069
843,friday,12,0.250166251039069
844,battery,12,0.250166251039069
845,hamilton,12,0.250166251039069
846,building,11,0.27290863749716615
847,forever,11,0.27290863749716615
848,neyshlalyann,11,0.27290863749716615
849,saga,11,0.27290863749716615
850,mario,11,0.27290863749716615
851,extra,11,0.27290863749716615
852,house,11,0.27290863749716615
853,album,11,0.27290863749716615
854,paper,11,0.27290863749716615
855,bsb,11,0.27290863749716615
856,magic,11,0.27290863749716615
857,drop,11,0.27290863749716615
858,organic,11,0.27290863749716615
859,keurig,11,0.27290863749716615
860,learning,11,0.27290863749716615
861,lots,11,0.27290863749716615
862,sync,11,0.27290863749716615
863,cinch,11,0.27290863749716615
864,farberware,11,0.27290863749716615
865,led,11,0.27290863749716615
866,outside,11,0.27290863749716615
867,teaser,11,0.27290863749716615
868,annoying,11,0.27290863749716615
869,amas,11,0.27290863749716615
870,dior,11,0.27290863749716615
871,ultimate,11,0.27290863749716615
872,ritareviews,11,0.27290863749716615
873,clients,11,0.27290863749716615
874,socialmedia,11,0.27290863749716615
875,wonderful,11,0.27290863749716615
876,lovelies,11,0.27290863749716615
877,valued,11,0.27290863749716615
878,computers,11,0.27290863749716615
879,shares,11,0.27290863749716615
880,rihanna,11,0.27290863749716615
881,hear,11,0.27290863749716615
882,india,11,0.27290863749716615
883,houston,11,0.27290863749716615
884,touch,11,0.27290863749716615
885,came,11,0.27290863749716615
886,fa,11,0.27290863749716615
887,alfredoflores,11,0.27290863749716615
888,hopefully,11,0.27290863749716615
889,ago,11,0.27290863749716615
890,sugar,11,0.27290863749716615
891,search,11,0.27290863749716615
892,uk,11,0.27290863749716615
893,max,11,0.27290863749716615
894,ebook,11,0.27290863749716615
895,protector,11,0.27290863749716615
896,excellent,11,0.27290863749716615
897,fox,11,0.27290863749716615
898,prizes,11,0.27290863749716615
899,deluxe,11,0.27290863749716615
900,saw,11,0.27290863749716615
901,english,11,0.27290863749716615
902,probably,11,0.27290863749716615
903,dayz,11,0.27290863749716615
904,funnyvines,11,0.27290863749716615
905,calling,11,0.27290863749716615
906,weeks,11,0.27290863749716615
907,understand,11,0.27290863749716615
908,external,11,0.27290863749716615
909,flies,11,0.27290863749716615
910,ashjay_,11,0.27290863749716615
911,thoughts,11,0.27290863749716615
912,pop,11,0.27290863749716615
913,trip,11,0.27290863749716615
914,shared,11,0.27290863749716615
915,definitely,11,0.27290863749716615
916,chance,11,0.27290863749716615
917,vogueparis,11,0.27290863749716615
918,pages,11,0.27290863749716615
919,meeting,11,0.27290863749716615
920,siimonetw,11,0.27290863749716615
921,least,11,0.27290863749716615
922,results,11,0.27290863749716615
923,insiduys,11,0.27290863749716615
924,size,11,0.27290863749716615
925,brylane_home,11,0.27290863749716615
926,winners,11,0.27290863749716615
927,voc√£¬™,11,0.27290863749716615
928,üò©,11,0.27290863749716615
929,5/20,11,0.27290863749716615
930,classic,11,0.27290863749716615
931,inside,11,0.27290863749716615
932,//t.co/x6muqyj4hz,11,0.27290863749716615
933,behind,11,0.27290863749716615
934,eat,11,0.27290863749716615
935,pc,11,0.27290863749716615
936,//t.‚Ä¶,11,0.27290863749716615
937,wi-fi,11,0.27290863749716615
938,teavana,11,0.27290863749716615
939,goal,11,0.27290863749716615
940,landsend,10,0.3001995012468828
941,released,10,0.3001995012468828
942,original,10,0.3001995012468828
943,du,10,0.3001995012468828
944,stereoloveeox,10,0.3001995012468828
945,finished,10,0.3001995012468828
946,line,10,0.3001995012468828
947,chemichxtry,10,0.3001995012468828
948,row,10,0.3001995012468828
949,g4tv,10,0.3001995012468828
950,beautiful,10,0.3001995012468828
951,robert,10,0.3001995012468828
952,jaysblacklover,10,0.3001995012468828
953,seo,10,0.3001995012468828
954,vertigo_comics,10,0.3001995012468828
955,changes,10,0.3001995012468828
956,allegianttravel,10,0.3001995012468828
957,vsfashionshow,10,0.3001995012468828
958,wheat,10,0.3001995012468828
959,8217,10,0.3001995012468828
960,side,10,0.3001995012468828
961,unlocked,10,0.3001995012468828
962,catch,10,0.3001995012468828
963,takes,10,0.3001995012468828
964,dad,10,0.3001995012468828
965,female,10,0.3001995012468828
966,minutes,10,0.3001995012468828
967,playstation,10,0.3001995012468828
968,character,10,0.3001995012468828
969,train,10,0.3001995012468828
970,cook,10,0.3001995012468828
971,bro,10,0.3001995012468828
972,action,10,0.3001995012468828
973,children,10,0.3001995012468828
974,ugh,10,0.3001995012468828
975,goodnight,10,0.3001995012468828
976,short,10,0.3001995012468828
977,lightning,10,0.3001995012468828
978,data,10,0.3001995012468828
979,nopurnec18+rulesapply,10,0.3001995012468828
980,depot,10,0.3001995012468828
981,n√£¬£o,10,0.3001995012468828
982,grow,10,0.3001995012468828
983,playinghouseusa,10,0.3001995012468828
984,drunk,10,0.3001995012468828
985,waiting,10,0.3001995012468828
986,rocket2guns,10,0.3001995012468828
987,posts,10,0.3001995012468828
988,checked,10,0.3001995012468828
989,cit,10,0.3001995012468828
990,unless,10,0.3001995012468828
991,gamespot,10,0.3001995012468828
992,bhomegiveaway,10,0.3001995012468828
993,alone,10,0.3001995012468828
994,visforvidalia,10,0.3001995012468828
995,quote,10,0.3001995012468828
996,fail,10,0.3001995012468828
997,couple,10,0.3001995012468828
998,stylish,10,0.3001995012468828
999,design,10,0.3001995012468828
1000,2.0,10,0.3001995012468828
1001,church,10,0.3001995012468828
1002,thriftychicmom,10,0.3001995012468828
1003,walking,10,0.3001995012468828
1004,leaving,10,0.3001995012468828
1005,cookware,10,0.3001995012468828
1006,et,10,0.3001995012468828
1007,defender,10,0.3001995012468828
1008,.....,10,0.3001995012468828
1009,16,10,0.3001995012468828
1010,v,10,0.3001995012468828
1011,texas,10,0.3001995012468828
1012,//t.co/ign9ezs1r4,10,0.3001995012468828
1013,quick,10,0.3001995012468828
1014,75,10,0.3001995012468828
1015,hour,10,0.3001995012468828
1016,package,10,0.3001995012468828
1017,fl,10,0.3001995012468828
1018,questions,10,0.3001995012468828
1019,sweets,10,0.3001995012468828
1020,books,10,0.3001995012468828
1021,eyes,10,0.3001995012468828
1022,pdx,10,0.3001995012468828
1023,cruise,10,0.3001995012468828
1024,networking,10,0.3001995012468828
1025,girlfrend,10,0.3001995012468828
1026,pally,10,0.3001995012468828
1027,sur,10,0.3001995012468828
1028,bloggers,10,0.3001995012468828
1029,rock,10,0.3001995012468828
1030,products,10,0.3001995012468828
1031,crystal,10,0.3001995012468828
1032,happen,10,0.3001995012468828
1033,kitchen,10,0.3001995012468828
1034,diapers,10,0.3001995012468828
1035,color,10,0.3001995012468828
1036,million,10,0.3001995012468828
1037,cosmiclaurel,10,0.3001995012468828
1038,bridgeport,10,0.3001995012468828
1039,welcome,10,0.3001995012468828
1040,filled,10,0.3001995012468828
1041,replacement,10,0.3001995012468828
1042,community,10,0.3001995012468828
1043,mais,10,0.3001995012468828
1044,diabetes,10,0.3001995012468828
1045,bet,10,0.3001995012468828
1046,sent,10,0.3001995012468828
1047,saturday,10,0.3001995012468828
1048,selling,10,0.3001995012468828
1049,village,10,0.3001995012468828
1050,effective,10,0.3001995012468828
1051,marthagiffen,10,0.3001995012468828
1052,introvertedwife,10,0.3001995012468828
1053,needed,10,0.3001995012468828
1054,commercial,10,0.3001995012468828
1055,http‚Ä¶,10,0.3001995012468828
1056,sports,10,0.3001995012468828
1057,number,10,0.3001995012468828
1058,creating,10,0.3001995012468828
1059,portable,9,0.3335550013854253
1060,account,9,0.3335550013854253
1061,sick,9,0.3335550013854253
1062,limited,9,0.3335550013854253
1063,hi,9,0.3335550013854253
1064,straight,9,0.3335550013854253
1065,freedom,9,0.3335550013854253
1066,near,9,0.3335550013854253
1067,yup,9,0.3335550013854253
1068,roastedbeanz,9,0.3335550013854253
1069,bossy,9,0.3335550013854253
1070,serious,9,0.3335550013854253
1071,arts,9,0.3335550013854253
1072,healthy,9,0.3335550013854253
1073,allow,9,0.3335550013854253
1074,fit,9,0.3335550013854253
1075,happens,9,0.3335550013854253
1076,talks,9,0.3335550013854253
1077,history,9,0.3335550013854253
1078,electronic,9,0.3335550013854253
1079,giveaways,9,0.3335550013854253
1080,latest,9,0.3335550013854253
1081,fed,9,0.3335550013854253
1082,hand,9,0.3335550013854253
1083,ryan,9,0.3335550013854253
1084,write,9,0.3335550013854253
1085,strategy,9,0.3335550013854253
1086,monday,9,0.3335550013854253
1087,honestly,9,0.3335550013854253
1088,powerful,9,0.3335550013854253
1089,skin,9,0.3335550013854253
1090,price,9,0.3335550013854253
1091,chocolate,9,0.3335550013854253
1092,kind,9,0.3335550013854253
1093,relationships,9,0.3335550013854253
1094,valentine,9,0.3335550013854253
1095,track,9,0.3335550013854253
1096,asics,9,0.3335550013854253
1097,decided,9,0.3335550013854253
1098,denaaaa_xo,9,0.3335550013854253
1099,santa,9,0.3335550013854253
1100,gb,9,0.3335550013854253
1101,relief,9,0.3335550013854253
1102,international,9,0.3335550013854253
1103,science,9,0.3335550013854253
1104,toshiba,9,0.3335550013854253
1105,rose,9,0.3335550013854253
1106,tvtag,9,0.3335550013854253
1107,math,9,0.3335550013854253
1108,entertainment,9,0.3335550013854253
1109,kc1013,9,0.3335550013854253
1110,fear,9,0.3335550013854253
1111,steps,9,0.3335550013854253
1112,marvel,9,0.3335550013854253
1113,drink,9,0.3335550013854253
1114,america,9,0.3335550013854253
1115,fine,9,0.3335550013854253
1116,taylor,9,0.3335550013854253
1117,view,9,0.3335550013854253
1118,kung,9,0.3335550013854253
1119,mothersday,9,0.3335550013854253
1120,brown,9,0.3335550013854253
1121,cowboys,9,0.3335550013854253
1122,powershot,9,0.3335550013854253
1123,vip,9,0.3335550013854253
1124,tuesday,9,0.3335550013854253
1125,brian,9,0.3335550013854253
1126,plans,9,0.3335550013854253
1127,wake,9,0.3335550013854253
1128,sun,9,0.3335550013854253
1129,jobs,9,0.3335550013854253
1130,fecastanhari,9,0.3335550013854253
1131,nature,9,0.3335550013854253
1132,web,9,0.3335550013854253
1133,pokemon,9,0.3335550013854253
1134,state,9,0.3335550013854253
1135,low,9,0.3335550013854253
1136,beauty,9,0.3335550013854253
1137,wordoffenty,9,0.3335550013854253
1138,personal,9,0.3335550013854253
1139,successful,9,0.3335550013854253
1140,visit,9,0.3335550013854253
1141,oil,9,0.3335550013854253
1142,cake,9,0.3335550013854253
1143,three,9,0.3335550013854253
1144,‚Äù,9,0.3335550013854253
1145,generic,9,0.3335550013854253
1146,fresh,9,0.3335550013854253
1147,offers,9,0.3335550013854253
1148,gain,9,0.3335550013854253
1149,victoriassecret,9,0.3335550013854253
1150,u.s.,9,0.3335550013854253
1151,sometimes,9,0.3335550013854253
1152,arv,9,0.3335550013854253
1153,fell,9,0.3335550013854253
1154,tired,9,0.3335550013854253
1155,lessons,9,0.3335550013854253
1156,playboy,9,0.3335550013854253
1157,ddublover34,9,0.3335550013854253
1158,batman,9,0.3335550013854253
1159,nathanthewanted,9,0.3335550013854253
1160,martin,9,0.3335550013854253
1161,busyathome,9,0.3335550013854253
1162,traffic,9,0.3335550013854253
1163,iii,9,0.3335550013854253
1164,bearskopff,9,0.3335550013854253
1165,together,9,0.3335550013854253
1166,south,9,0.3335550013854253
1167,nks,9,0.3335550013854253
1168,dont,9,0.3335550013854253
1169,bruno,9,0.3335550013854253
1170,//t.co/rzkahlprmx,9,0.3335550013854253
1171,words,9,0.3335550013854253
1172,rain,9,0.3335550013854253
1173,dream,9,0.3335550013854253
1174,includes,9,0.3335550013854253
1175,space,9,0.3335550013854253
1176,happened,9,0.3335550013854253
1177,reach,9,0.3335550013854253
1178,bowl,9,0.3335550013854253
1179,bites,9,0.3335550013854253
1180,return,9,0.3335550013854253
1181,unfollowed,9,0.3335550013854253
1182,earn,9,0.3335550013854253
1183,signed,9,0.3335550013854253
1184,london,9,0.3335550013854253
1185,jump,9,0.3335550013854253
1186,rbz,9,0.3335550013854253
1187,terryleague,9,0.3335550013854253
1188,wars,9,0.3335550013854253
1189,management,9,0.3335550013854253
1190,city,9,0.3335550013854253
1191,ta,9,0.3335550013854253
1192,claim,9,0.3335550013854253
1193,watersavers,9,0.3335550013854253
1194,gun,9,0.3335550013854253
1195,epic,9,0.3335550013854253
1196,dey,9,0.3335550013854253
1197,memory,9,0.3335550013854253
1198,campaign,9,0.3335550013854253
1199,research,9,0.3335550013854253
1200,relationship,9,0.3335550013854253
1201,final,8,0.37524937655860346
1202,bags,8,0.37524937655860346
1203,tweets,8,0.37524937655860346
1204,wear,8,0.37524937655860346
1205,letters,8,0.37524937655860346
1206,chris,8,0.37524937655860346
1207,boy,8,0.37524937655860346
1208,airport,8,0.37524937655860346
1209,surface,8,0.37524937655860346
1210,clinton,8,0.37524937655860346
1211,taken,8,0.37524937655860346
1212,electric,8,0.37524937655860346
1213,greatest,8,0.37524937655860346
1214,wipes,8,0.37524937655860346
1215,charger,8,0.37524937655860346
1216,fat,8,0.37524937655860346
1217,premium,8,0.37524937655860346
1218,bearpaw,8,0.37524937655860346
1219,bracelet,8,0.37524937655860346
1220,smallbusiness,8,0.37524937655860346
1221,//t.co/84dmlbrr,8,0.37524937655860346
1222,hr,8,0.37524937655860346
1223,belkin,8,0.37524937655860346
1224,sneakers,8,0.37524937655860346
1225,ultra,8,0.37524937655860346
1226,90,8,0.37524937655860346
1227,ball,8,0.37524937655860346
1228,couture,8,0.37524937655860346
1229,retweet,8,0.37524937655860346
1230,foursquare,8,0.37524937655860346
1231,tea,8,0.37524937655860346
1232,whatever,8,0.37524937655860346
1233,electrcspacegrl,8,0.37524937655860346
1234,tune,8,0.37524937655860346
1235,ted,8,0.37524937655860346
1236,pocket,8,0.37524937655860346
1237,pen,8,0.37524937655860346
1238,metal,8,0.37524937655860346
1239,due,8,0.37524937655860346
1240,problems,8,0.37524937655860346
1241,gives,8,0.37524937655860346
1242,membership,8,0.37524937655860346
1243,move,8,0.37524937655860346
1244,rts,8,0.37524937655860346
1245,sign,8,0.37524937655860346
1246,cast,8,0.37524937655860346
1247,tough,8,0.37524937655860346
1248,dallas,8,0.37524937655860346
1249,till,8,0.37524937655860346
1250,goodbye,8,0.37524937655860346
1251,sigh,8,0.37524937655860346
1252,biggest,8,0.37524937655860346
1253,2011,8,0.37524937655860346
1254,beyond,8,0.37524937655860346
1255,hoping,8,0.37524937655860346
1256,preview,8,0.37524937655860346
1257,celebrate,8,0.37524937655860346
1258,stuck,8,0.37524937655860346
1259,entry,8,0.37524937655860346
1260,smith,8,0.37524937655860346
1261,11,8,0.37524937655860346
1262,practice,8,0.37524937655860346
1263,months,8,0.37524937655860346
1264,points,8,0.37524937655860346
1265,holidays,8,0.37524937655860346
1266,butter,8,0.37524937655860346
1267,ads,8,0.37524937655860346
1268,assn,8,0.37524937655860346
1269,apparently,8,0.37524937655860346
1270,watched,8,0.37524937655860346
1271,bill,8,0.37524937655860346
1272,send,8,0.37524937655860346
1273,naman,8,0.37524937655860346
1274,ounce,8,0.37524937655860346
1275,record,8,0.37524937655860346
1276,street,8,0.37524937655860346
1277,amesinatlanta,8,0.37524937655860346
1278,walkingdead_amc,8,0.37524937655860346
1279,schedule,8,0.37524937655860346
1280,living,8,0.37524937655860346
1281,ran_k,8,0.37524937655860346
1282,conservamome,8,0.37524937655860346
1283,means,8,0.37524937655860346
1284,router,8,0.37524937655860346
1285,intel,8,0.37524937655860346
1286,den,8,0.37524937655860346
1287,print,8,0.37524937655860346
1288,cloud,8,0.37524937655860346
1289,scotch,8,0.37524937655860346
1290,instead,8,0.37524937655860346
1291,reviews,8,0.37524937655860346
1292,known,8,0.37524937655860346
1293,website,8,0.37524937655860346
1294,average,8,0.37524937655860346
1295,elph,8,0.37524937655860346
1296,gorgeous,8,0.37524937655860346
1297,followers,8,0.37524937655860346
1298,eforcity,8,0.37524937655860346
1299,finale,8,0.37524937655860346
1300,teacher,8,0.37524937655860346
1301,‚Äò,8,0.37524937655860346
1302,scooterbraun,8,0.37524937655860346
1303,beach,8,0.37524937655860346
1304,pffft,8,0.37524937655860346
1305,port,8,0.37524937655860346
1306,football,8,0.37524937655860346
1307,p,8,0.37524937655860346
1308,expecting,8,0.37524937655860346
1309,chapter,8,0.37524937655860346
1310,calendar,8,0.37524937655860346
1311,eating,8,0.37524937655860346
1312,k-cup,8,0.37524937655860346
1313,absolutely,8,0.37524937655860346
1314,ridiculous,8,0.37524937655860346
1315,took,8,0.37524937655860346
1316,saryrodriguez_,8,0.37524937655860346
1317,keeps,8,0.37524937655860346
1318,voice,8,0.37524937655860346
1319,stickers,8,0.37524937655860346
1320,random,8,0.37524937655860346
1321,donnie,8,0.37524937655860346
1322,parents,8,0.37524937655860346
1323,jiva,8,0.37524937655860346
1324,1d,8,0.37524937655860346
1325,hahahaha,8,0.37524937655860346
1326,message,8,0.37524937655860346
1327,le_figaro,8,0.37524937655860346
1328,total,8,0.37524937655860346
1329,betting,8,0.37524937655860346
1330,dalailama,8,0.37524937655860346
1331,path,8,0.37524937655860346
1332,animal,8,0.37524937655860346
1333,199,8,0.37524937655860346
1334,winner,8,0.37524937655860346
1335,tefloneggmonth,8,0.37524937655860346
1336,center,8,0.37524937655860346
1337,polo,8,0.37524937655860346
1338,acnl,8,0.37524937655860346
1339,katy,8,0.37524937655860346
1340,machine,8,0.37524937655860346
1341,purple,8,0.37524937655860346
1342,bag,8,0.37524937655860346
1343,hsn,8,0.37524937655860346
1344,releases,8,0.37524937655860346
1345,xbox,8,0.37524937655860346
1346,plant,8,0.37524937655860346
1347,xochster,8,0.37524937655860346
1348,nokia,8,0.37524937655860346
1349,iam_kellyidella,8,0.37524937655860346
1350,somebody,8,0.37524937655860346
1351,netflix,8,0.37524937655860346
1352,pure,8,0.37524937655860346
1353,starter,8,0.37524937655860346
1354,hell,8,0.37524937655860346
1355,fight,8,0.37524937655860346
1356,jamielmariano,8,0.37524937655860346
1357,//t.co/usfhn1q2,8,0.37524937655860346
1358,maxell,8,0.37524937655860346
1359,shot,8,0.37524937655860346
1360,crichton,8,0.37524937655860346
1361,anni,8,0.37524937655860346
1362,button,8,0.37524937655860346
1363,increase,8,0.37524937655860346
1364,surgery,8,0.37524937655860346
1365,step,8,0.37524937655860346
1366,att,8,0.37524937655860346
1367,guest,8,0.37524937655860346
1368,vosskah,8,0.37524937655860346
1369,mega,8,0.37524937655860346
1370,tweeting,8,0.37524937655860346
1371,2day,8,0.37524937655860346
1372,sandisk,8,0.37524937655860346
1373,water,8,0.37524937655860346
1374,client,8,0.37524937655860346
1375,diablo,8,0.37524937655860346
1376,keeping,8,0.37524937655860346
1377,boot,8,0.37524937655860346
1378,esp,8,0.37524937655860346
1379,8211,8,0.37524937655860346
1380,customerservice,8,0.37524937655860346
1381,income,8,0.37524937655860346
1382,san,8,0.37524937655860346
1383,playing,8,0.37524937655860346
1384,lady,8,0.37524937655860346
1385,squoctobird,8,0.37524937655860346
1386,fitness,8,0.37524937655860346
1387,foot,8,0.37524937655860346
1388,14,8,0.37524937655860346
1389,visibility,8,0.37524937655860346
1390,nike,8,0.37524937655860346
1391,ones,8,0.37524937655860346
1392,creed,7,0.42885643035268967
1393,wants,7,0.42885643035268967
1394,√¢‚Ç¨,7,0.42885643035268967
1395,sewing,7,0.42885643035268967
1396,spice,7,0.42885643035268967
1397,comment,7,0.42885643035268967
1398,dual,7,0.42885643035268967
1399,ocarina,7,0.42885643035268967
1400,putting,7,0.42885643035268967
1401,jon,7,0.42885643035268967
1402,deadly,7,0.42885643035268967
1403,‚Äîhttp,7,0.42885643035268967
1404,lets,7,0.42885643035268967
1405,click,7,0.42885643035268967
1406,mundo,7,0.42885643035268967
1407,project,7,0.42885643035268967
1408,williams,7,0.42885643035268967
1409,investing,7,0.42885643035268967
1410,pls,7,0.42885643035268967
1411,seems,7,0.42885643035268967
1412,basically,7,0.42885643035268967
1413,sykessexual,7,0.42885643035268967
1414,lsufan74,7,0.42885643035268967
1415,davis,7,0.42885643035268967
1416,congratulations,7,0.42885643035268967
1417,330,7,0.42885643035268967
1418,college,7,0.42885643035268967
1419,congrats,7,0.42885643035268967
1420,writing,7,0.42885643035268967
1421,peanut,7,0.42885643035268967
1422,storage,7,0.42885643035268967
1423,station,7,0.42885643035268967
1424,pie,7,0.42885643035268967
1425,private,7,0.42885643035268967
1426,focused,7,0.42885643035268967
1427,e-book,7,0.42885643035268967
1428,trust,7,0.42885643035268967
1429,various,7,0.42885643035268967
1430,reality,7,0.42885643035268967
1431,nkotb,7,0.42885643035268967
1432,circle,7,0.42885643035268967
1433,republic,7,0.42885643035268967
1434,fall,7,0.42885643035268967
1435,branch,7,0.42885643035268967
1436,thankful,7,0.42885643035268967
1437,april,7,0.42885643035268967
1438,balance,7,0.42885643035268967
1439,chinese,7,0.42885643035268967
1440,land,7,0.42885643035268967
1441,royal,7,0.42885643035268967
1442,ice,7,0.42885643035268967
1443,8230,7,0.42885643035268967
1444,hybrid,7,0.42885643035268967
1445,universe,7,0.42885643035268967
1446,act,7,0.42885643035268967
1447,surprise,7,0.42885643035268967
1448,erinwillett,7,0.42885643035268967
1449,2k,7,0.42885643035268967
1450,ny,7,0.42885643035268967
1451,une,7,0.42885643035268967
1452,momtosprouts,7,0.42885643035268967
1453,sweetface35,7,0.42885643035268967
1454,primeaugurl25,7,0.42885643035268967
1455,dia,7,0.42885643035268967
1456,ride,7,0.42885643035268967
1457,played,7,0.42885643035268967
1458,laughing,7,0.42885643035268967
1459,f,7,0.42885643035268967
1460,comments,7,0.42885643035268967
1461,king,7,0.42885643035268967
1462,pandora,7,0.42885643035268967
1463,4.0,7,0.42885643035268967
1464,heard,7,0.42885643035268967
1465,wolfsamurai,7,0.42885643035268967
1466,assassin,7,0.42885643035268967
1467,sleepy,7,0.42885643035268967
1468,town,7,0.42885643035268967
1469,povera,7,0.42885643035268967
1470,spend,7,0.42885643035268967
1471,toms,7,0.42885643035268967
1472,nintendo,7,0.42885643035268967
1473,beliebers,7,0.42885643035268967
1474,lack,7,0.42885643035268967
1475,üò©üò©üò©,7,0.42885643035268967
1476,john,7,0.42885643035268967
1477,raised,7,0.42885643035268967
1478,china,7,0.42885643035268967
1479,//t.co/6az1laak,7,0.42885643035268967
1480,mark,7,0.42885643035268967
1481,strap,7,0.42885643035268967
1482,vita,7,0.42885643035268967
1483,tishalulle1,7,0.42885643035268967
1484,gma,7,0.42885643035268967
1485,open,7,0.42885643035268967
1486,generation,7,0.42885643035268967
1487,difference,7,0.42885643035268967
1488,north,7,0.42885643035268967
1489,kit,7,0.42885643035268967
1490,close,7,0.42885643035268967
1491,dans,7,0.42885643035268967
1492,mp3,7,0.42885643035268967
1493,items,7,0.42885643035268967
1494,suck,7,0.42885643035268967
1495,breaking,7,0.42885643035268967
1496,growing,7,0.42885643035268967
1497,cthulhuchick,7,0.42885643035268967
1498,witcher,7,0.42885643035268967
1499,thru,7,0.42885643035268967
1500,everyday,7,0.42885643035268967
1501,kid,7,0.42885643035268967
1502,release,7,0.42885643035268967
1503,basketball,7,0.42885643035268967
1504,1st,7,0.42885643035268967
1505,planner,7,0.42885643035268967
1506,artists,7,0.42885643035268967
1507,60,7,0.42885643035268967
1508,career,7,0.42885643035268967
1509,economy,7,0.42885643035268967
1510,trailer,7,0.42885643035268967
1511,exclusive,7,0.42885643035268967
1512,ahead,7,0.42885643035268967
1513,teavanaoprahchai,7,0.42885643035268967
1514,heroic,7,0.42885643035268967
1515,logo,7,0.42885643035268967
1516,safe,7,0.42885643035268967
1517,philippines,7,0.42885643035268967
1518,ardemonia,7,0.42885643035268967
1519,hannahelliott,7,0.42885643035268967
1520,forgot,7,0.42885643035268967
1521,nalang,7,0.42885643035268967
1522,easier,7,0.42885643035268967
1523,bousquetcmp,7,0.42885643035268967
1524,h‚Ä¶,7,0.42885643035268967
1525,üòÄ,7,0.42885643035268967
1526,bars,7,0.42885643035268967
1527,holiday,7,0.42885643035268967
1528,trend,7,0.42885643035268967
1529,magazine,7,0.42885643035268967
1530,verge,7,0.42885643035268967
1531,24,7,0.42885643035268967
1532,discover,7,0.42885643035268967
1533,room,7,0.42885643035268967
1534,public,7,0.42885643035268967
1535,weird,7,0.42885643035268967
1536,major,7,0.42885643035268967
1537,christian,7,0.42885643035268967
1538,kanye,7,0.42885643035268967
1539,wave,7,0.42885643035268967
1540,opening,7,0.42885643035268967
1541,quando,7,0.42885643035268967
1542,inspired,7,0.42885643035268967
1543,dannychoo,7,0.42885643035268967
1544,üòÅ,7,0.42885643035268967
1545,mode,7,0.42885643035268967
1546,double,7,0.42885643035268967
1547,amount,7,0.42885643035268967
1548,lounge,7,0.42885643035268967
1549,basic,7,0.42885643035268967
1550,flip,7,0.42885643035268967
1551,inc.,7,0.42885643035268967
1552,bahaha,7,0.42885643035268967
1553,clip,7,0.42885643035268967
1554,choose,7,0.42885643035268967
1555,engaged,7,0.42885643035268967
1556,wedding,7,0.42885643035268967
1557,h,7,0.42885643035268967
1558,//t.co/wvxnpomks4,7,0.42885643035268967
1559,//t.co/lbtyaqgf1y,7,0.42885643035268967
1560,wala,7,0.42885643035268967
1561,swear,7,0.42885643035268967
1562,gaming,7,0.42885643035268967
1563,calls,7,0.42885643035268967
1564,//t.co/pyrjvgji,7,0.42885643035268967
1565,worst,7,0.42885643035268967
1566,version,7,0.42885643035268967
1567,inc,7,0.42885643035268967
1568,pain,7,0.42885643035268967
1569,kelly,7,0.42885643035268967
1570,abhishekrungta,7,0.42885643035268967
1571,gear,7,0.42885643035268967
1572,lyrics,7,0.42885643035268967
1573,fiirewalkwithme,7,0.42885643035268967
1574,videos,7,0.42885643035268967
1575,western,7,0.42885643035268967
1576,helenrappy,7,0.42885643035268967
1577,cooking,7,0.42885643035268967
1578,loves,7,0.42885643035268967
1579,qui,7,0.42885643035268967
1580,13,7,0.42885643035268967
1581,cc,7,0.42885643035268967
1582,easily,7,0.42885643035268967
1583,nk,7,0.42885643035268967
1584,üôå,7,0.42885643035268967
1585,possible,7,0.42885643035268967
1586,grab,7,0.42885643035268967
1587,hero,7,0.42885643035268967
1588,sweesptakes,7,0.42885643035268967
1589,attitude,7,0.42885643035268967
1590,grey,7,0.42885643035268967
1591,garden,7,0.42885643035268967
1592,wonder,7,0.42885643035268967
1593,lord,7,0.42885643035268967
1594,difficult,7,0.42885643035268967
1595,tix,7,0.42885643035268967
1596,shopping,7,0.42885643035268967
1597,security,7,0.42885643035268967
1598,advantage,7,0.42885643035268967
1599,joxhatesyou,7,0.42885643035268967
1600,facts,7,0.42885643035268967
1601,sitting,7,0.42885643035268967
1602,150,7,0.42885643035268967
1603,spent,7,0.42885643035268967
1604,processor,6,0.500332502078138
1605,wife,6,0.500332502078138
1606,jersey,6,0.500332502078138
1607,//t.co/qycdj9bt,6,0.500332502078138
1608,ugg,6,0.500332502078138
1609,cd,6,0.500332502078138
1610,fragrance,6,0.500332502078138
1611,basics,6,0.500332502078138
1612,accounts,6,0.500332502078138
1613,van,6,0.500332502078138
1614,400,6,0.500332502078138
1615,vaseoff,6,0.500332502078138
1616,inspiration,6,0.500332502078138
1617,momspotted,6,0.500332502078138
1618,paying,6,0.500332502078138
1619,blame,6,0.500332502078138
1620,movies,6,0.500332502078138
1621,clean,6,0.500332502078138
1622,seu,6,0.500332502078138
1623,savings,6,0.500332502078138
1624,jesus,6,0.500332502078138
1625,lottery,6,0.500332502078138
1626,hands,6,0.500332502078138
1627,financialhabits,6,0.500332502078138
1628,implement,6,0.500332502078138
1629,spaceshipslb,6,0.500332502078138
1630,legal,6,0.500332502078138
1631,unfollow,6,0.500332502078138
1632,net,6,0.500332502078138
1633,125,6,0.500332502078138
1634,earth,6,0.500332502078138
1635,victoria,6,0.500332502078138
1636,paid,6,0.500332502078138
1637,west,6,0.500332502078138
1638,charging,6,0.500332502078138
1639,wearing,6,0.500332502078138
1640,tommy,6,0.500332502078138
1641,william,6,0.500332502078138
1642,effort,6,0.500332502078138
1643,//t.co/qaumcv47r0,6,0.500332502078138
1644,issue,6,0.500332502078138
1645,maverick,6,0.500332502078138
1646,yearly,6,0.500332502078138
1647,diet,6,0.500332502078138
1648,stars,6,0.500332502078138
1649,spoil,6,0.500332502078138
1650,//t.co/yedtuivzv7,6,0.500332502078138
1651,arrow,6,0.500332502078138
1652,humanity,6,0.500332502078138
1653,hillesha,6,0.500332502078138
1654,st.,6,0.500332502078138
1655,ricky,6,0.500332502078138
1656,dd,6,0.500332502078138
1657,budget,6,0.500332502078138
1658,asking,6,0.500332502078138
1659,male,6,0.500332502078138
1660,appreciated,6,0.500332502078138
1661,chic,6,0.500332502078138
1662,finance,6,0.500332502078138
1663,counting,6,0.500332502078138
1664,henriettaaa,6,0.500332502078138
1665,//t.co/ctucy2irps,6,0.500332502078138
1666,5.21,6,0.500332502078138
1667,compact,6,0.500332502078138
1668,ur,6,0.500332502078138
1669,alive,6,0.500332502078138
1670,okay,6,0.500332502078138
1671,deep,6,0.500332502078138
1672,5/9,6,0.500332502078138
1673,date,6,0.500332502078138
1674,bound,6,0.500332502078138
1675,pope,6,0.500332502078138
1676,leave,6,0.500332502078138
1677,dankanter,6,0.500332502078138
1678,experimental,6,0.500332502078138
1679,teomatteo89,6,0.500332502078138
1680,law,6,0.500332502078138
1681,liked,6,0.500332502078138
1682,cant,6,0.500332502078138
1683,caught,6,0.500332502078138
1684,pays,6,0.500332502078138
1685,fashions,6,0.500332502078138
1686,melissa,6,0.500332502078138
1687,wahmarticles,6,0.500332502078138
1688,methods,6,0.500332502078138
1689,bamboomusiclive,6,0.500332502078138
1690,positive,6,0.500332502078138
1691,sandramartini,6,0.500332502078138
1692,knew,6,0.500332502078138
1693,winning,6,0.500332502078138
1694,crossed,6,0.500332502078138
1695,kinect,6,0.500332502078138
1696,themommyisland,6,0.500332502078138
1697,theaters,6,0.500332502078138
1698,upcoming,6,0.500332502078138
1699,feet,6,0.500332502078138
1700,‚Äì,6,0.500332502078138
1701,conference,6,0.500332502078138
1702,entmagazine,6,0.500332502078138
1703,certain,6,0.500332502078138
1704,draft,6,0.500332502078138
1705,deals,6,0.500332502078138
1706,hotel,6,0.500332502078138
1707,crying,6,0.500332502078138
1708,mixer,6,0.500332502078138
1709,baseball,6,0.500332502078138
1710,posted,6,0.500332502078138
1711,sm,6,0.500332502078138
1712,horse,6,0.500332502078138
1713,neck,6,0.500332502078138
1714,blogs,6,0.500332502078138
1715,//t.co/xok8wqynrs,6,0.500332502078138
1716,singer,6,0.500332502078138
1717,anonymous,6,0.500332502078138
1718,note,6,0.500332502078138
1719,5/26,6,0.500332502078138
1720,classyheals,6,0.500332502078138
1721,yum,6,0.500332502078138
1722,3m,6,0.500332502078138
1723,onions,6,0.500332502078138
1724,accept,6,0.500332502078138
1725,habit,6,0.500332502078138
1726,sweeps,6,0.500332502078138
1727,finding,6,0.500332502078138
1728,network,6,0.500332502078138
1729,andy,6,0.500332502078138
1730,charles,6,0.500332502078138
1731,human,6,0.500332502078138
1732,image,6,0.500332502078138
1733,sense,6,0.500332502078138
1734,incredible,6,0.500332502078138
1735,bbq,6,0.500332502078138
1736,thewantedbianca,6,0.500332502078138
1737,modern_wife,6,0.500332502078138
1738,sensiblysara,6,0.500332502078138
1739,guild,6,0.500332502078138
1740,//t.co/tiicfjshce,6,0.500332502078138
1741,pampering,6,0.500332502078138
1742,soft,6,0.500332502078138
1743,jeffmarias2001,6,0.500332502078138
1744,cost,6,0.500332502078138
1745,drama,6,0.500332502078138
1746,sum,6,0.500332502078138
1747,thrones,6,0.500332502078138
1748,psy,6,0.500332502078138
1749,kitchenaid,6,0.500332502078138
1750,entering,6,0.500332502078138
1751,fantastic,6,0.500332502078138
1752,bye,6,0.500332502078138
1753,survivor,6,0.500332502078138
1754,parenting,6,0.500332502078138
1755,bath,6,0.500332502078138
1756,hits,6,0.500332502078138
1757,jess,6,0.500332502078138
1758,quite,6,0.500332502078138
1759,shower,6,0.500332502078138
1760,philips,6,0.500332502078138
1761,dc,6,0.500332502078138
1762,crush,6,0.500332502078138
1763,//t.co/xvcunyjnlm,6,0.500332502078138
1764,hop,6,0.500332502078138
1765,//t.co/cz6vzm87r7,6,0.500332502078138
1766,exam,6,0.500332502078138
1767,related,6,0.500332502078138
1768,fuffa,6,0.500332502078138
1769,bond,6,0.500332502078138
1770,aportadosfundos,6,0.500332502078138
1771,multiple,6,0.500332502078138
1772,escita,6,0.500332502078138
1773,//t.co/gq6a5nr91l,6,0.500332502078138
1774,expect,6,0.500332502078138
1775,stainless,6,0.500332502078138
1776,pyrofest,6,0.500332502078138
1777,bukas,6,0.500332502078138
1778,anyway,6,0.500332502078138
1779,patch,6,0.500332502078138
1780,asada,6,0.500332502078138
1781,valpakcoupons,6,0.500332502078138
1782,brooklyn,6,0.500332502078138
1783,invicta,6,0.500332502078138
1784,//t.co/cgim9yyapm,6,0.500332502078138
1785,armor,6,0.500332502078138
1786,leather,6,0.500332502078138
1787,hurt,6,0.500332502078138
1788,papa,6,0.500332502078138
1789,flowerfactor,6,0.500332502078138
1790,bob,6,0.500332502078138
1791,des,6,0.500332502078138
1792,hobbit,6,0.500332502078138
1793,tfaithlife,6,0.500332502078138
1794,solo,6,0.500332502078138
1795,advertising,6,0.500332502078138
1796,momtrends,6,0.500332502078138
1797,//t.co/mecgrioahq,6,0.500332502078138
1798,c'est,6,0.500332502078138
1799,rather,6,0.500332502078138
1800,strain,6,0.500332502078138
1801,specific,6,0.500332502078138
1802,algunsbits,6,0.500332502078138
1803,nba,6,0.500332502078138
1804,mouth,6,0.500332502078138
1805,//t.co/7g8x33rpf9,6,0.500332502078138
1806,frugalphillymom,6,0.500332502078138
1807,4th,6,0.500332502078138
1808,following,6,0.500332502078138
1809,realized,6,0.500332502078138
1810,//t.co/onc8bqqg7d,6,0.500332502078138
1811,tape,6,0.500332502078138
1812,pass,6,0.500332502078138
1813,film,6,0.500332502078138
1814,favor,6,0.500332502078138
1815,battle,6,0.500332502078138
1816,boss,6,0.500332502078138
1817,beginners,6,0.500332502078138
1818,gtav,6,0.500332502078138
1819,raise,6,0.500332502078138
1820,identity,6,0.500332502078138
1821,sell,6,0.500332502078138
1822,toy,6,0.500332502078138
1823,blogtip,6,0.500332502078138
1824,soundtrack,6,0.500332502078138
1825,redskins,6,0.500332502078138
1826,featured,6,0.500332502078138
1827,plenty,6,0.500332502078138
1828,hurricane,6,0.500332502078138
1829,goals,6,0.500332502078138
1830,maria,6,0.500332502078138
1831,g,6,0.500332502078138
1832,kitty,6,0.500332502078138
1833,members,6,0.500332502078138
1834,turn,6,0.500332502078138
1835,theamas,6,0.500332502078138
1836,figure,6,0.500332502078138
1837,automatically,6,0.500332502078138
1838,busy,6,0.500332502078138
1839,playoff,6,0.500332502078138
1840,eye,6,0.500332502078138
1841,round,6,0.500332502078138
1842,//t.co/jhhyvjnvps,6,0.500332502078138
1843,mobile,6,0.500332502078138
1844,smart,6,0.500332502078138
1845,sooner,6,0.500332502078138
1846,5/24,6,0.500332502078138
1847,bout,6,0.500332502078138
1848,doe,6,0.500332502078138
1849,seagate,6,0.500332502078138
1850,momspark,6,0.500332502078138
1851,error,6,0.500332502078138
1852,//t.co/ivvlpephbl,6,0.500332502078138
1853,teleseminar,6,0.500332502078138
1854,//t.co/bclosurxlc,6,0.500332502078138
1855,¬ª,6,0.500332502078138
1856,//t.co/zfgcd6sgd3,6,0.500332502078138
1857,kleenexstyle,6,0.500332502078138
1858,loud,6,0.500332502078138
1859,standing,6,0.500332502078138
1860,shermeydane,6,0.500332502078138
1861,productive,6,0.500332502078138
1862,//t.co/aprvritd4d,6,0.500332502078138
1863,cream,6,0.500332502078138
1864,literally,6,0.500332502078138
1865,setting,6,0.500332502078138
1866,angelsoftlatino,6,0.500332502078138
1867,shop,6,0.500332502078138
1868,lkl333,6,0.500332502078138
1869,simply,6,0.500332502078138
1870,user,6,0.500332502078138
1871,lifetime,6,0.500332502078138
1872,2nd,6,0.500332502078138
1873,wordpress,6,0.500332502078138
1874,spider-man,6,0.500332502078138
1875,searching,6,0.500332502078138
1876,awards,6,0.500332502078138
1877,üòÇüòÇüòÇüòÇüòÇ,6,0.500332502078138
1878,entrepreneurs,6,0.500332502078138
1879,cork,6,0.500332502078138
1880,100.00,6,0.500332502078138
1881,cpawebster,6,0.500332502078138
1882,ring,6,0.500332502078138
1883,couponingfor4,6,0.500332502078138
1884,gifts,6,0.500332502078138
1885,wondrous,6,0.500332502078138
1886,forex,6,0.500332502078138
1887,alam,6,0.500332502078138
1888,vidalia,6,0.500332502078138
1889,hospital,6,0.500332502078138
1890,twandroid,6,0.500332502078138
1891,itanyablade,6,0.500332502078138
1892,//t.co‚Ä¶,6,0.500332502078138
1893,eightymphmom,6,0.500332502078138
1894,ultraviolet,6,0.500332502078138
1895,wd,6,0.500332502078138
1896,gym,6,0.500332502078138
1897,autotweet,6,0.500332502078138
1898,steel,6,0.500332502078138
1899,feels,6,0.500332502078138
1900,//t.co/w0tezhyfuc,6,0.500332502078138
1901,killed,6,0.500332502078138
1902,√¢¬Æ,6,0.500332502078138
1903,sale,6,0.500332502078138
1904,knowledge,6,0.500332502078138
1905,written,6,0.500332502078138
1906,wallisfashion,6,0.500332502078138
1907,smoke,6,0.500332502078138
1908,anime,6,0.500332502078138
1909,lcd,6,0.500332502078138
1910,filter,6,0.500332502078138
1911,yep,6,0.500332502078138
1912,ah,6,0.500332502078138
1913,businesses,6,0.500332502078138
1914,looked,6,0.500332502078138
1915,//t.co/42x5tezyiu,6,0.500332502078138
1916,6.2.14,6,0.500332502078138
1917,shut,6,0.500332502078138
1918,getgluetop13,6,0.500332502078138
1919,spafinder,6,0.500332502078138
1920,except,6,0.500332502078138
1921,snapmatic,6,0.500332502078138
1922,y'all,6,0.500332502078138
1923,over-ear,6,0.500332502078138
1924,toys,6,0.500332502078138
1925,80,5,0.6003990024937657
1926,passport,5,0.6003990024937657
1927,nikeplus,5,0.6003990024937657
1928,sheena6076,5,0.6003990024937657
1929,clothes,5,0.6003990024937657
1930,_nathansnicely,5,0.6003990024937657
1931,burger,5,0.6003990024937657
1932,actor,5,0.6003990024937657
1933,david,5,0.6003990024937657
1934,workspace,5,0.6003990024937657
1935,mp,5,0.6003990024937657
1936,announcement,5,0.6003990024937657
1937,vision,5,0.6003990024937657
1938,legendado,5,0.6003990024937657
1939,she_scribes,5,0.6003990024937657
1940,picks,5,0.6003990024937657
1941,cell,5,0.6003990024937657
1942,stupid,5,0.6003990024937657
1943,highlights,5,0.6003990024937657
1944,baggage,5,0.6003990024937657
1945,hold,5,0.6003990024937657
1946,storm,5,0.6003990024937657
1947,starts,5,0.6003990024937657
1948,sem,5,0.6003990024937657
1949,sharing,5,0.6003990024937657
1950,//t.co/endgc12jlm,5,0.6003990024937657
1951,xodenaaaa,5,0.6003990024937657
1952,senza,5,0.6003990024937657
1953,iand,5,0.6003990024937657
1954,cord,5,0.6003990024937657
1955,bzees,5,0.6003990024937657
1956,eggs,5,0.6003990024937657
1957,jillian,5,0.6003990024937657
1958,father,5,0.6003990024937657
1959,debt,5,0.6003990024937657
1960,fandango,5,0.6003990024937657
1961,prime,5,0.6003990024937657
1962,tweeted,5,0.6003990024937657
1963,universal,5,0.6003990024937657
1964,shoes,5,0.6003990024937657
1965,holster,5,0.6003990024937657
1966,169,5,0.6003990024937657
1967,nights,5,0.6003990024937657
1968,//t.co/pv312kcrnm,5,0.6003990024937657
1969,controller,5,0.6003990024937657
1970,tools,5,0.6003990024937657
1971,//t.co/sopilaha5i,5,0.6003990024937657
1972,portion,5,0.6003990024937657
1973,nhl,5,0.6003990024937657
1974,kasi,5,0.6003990024937657
1975,readership,5,0.6003990024937657
1976,truly,5,0.6003990024937657
1977,fingers,5,0.6003990024937657
1978,ce,5,0.6003990024937657
1979,belly,5,0.6003990024937657
1980,memorial,5,0.6003990024937657
1981,flash,5,0.6003990024937657
1982,texts,5,0.6003990024937657
1983,daniel,5,0.6003990024937657
1984,ubi,5,0.6003990024937657
1985,attention,5,0.6003990024937657
1986,tb,5,0.6003990024937657
1987,afternoon,5,0.6003990024937657
1988,solved,5,0.6003990024937657
1989,newtown,5,0.6003990024937657
1990,adds,5,0.6003990024937657
1991,increasing,5,0.6003990024937657
1992,slow,5,0.6003990024937657
1993,dm,5,0.6003990024937657
1994,brunomars,5,0.6003990024937657
1995,hidline,5,0.6003990024937657
1996,quarter,5,0.6003990024937657
1997,faithful_mommie,5,0.6003990024937657
1998,dentro,5,0.6003990024937657
1999,spam,5,0.6003990024937657
2000,owner,5,0.6003990024937657
2001,issues,5,0.6003990024937657
2002,protect,5,0.6003990024937657
2003,leveling,5,0.6003990024937657
2004,//t.co/zyitvldopv,5,0.6003990024937657
2005,rebel,5,0.6003990024937657
2006,gup,5,0.6003990024937657
2007,bathandbodyworks,5,0.6003990024937657
2008,üòòüòòüòò,5,0.6003990024937657
2009,lynn,5,0.6003990024937657
2010,attract,5,0.6003990024937657
2011,cancer,5,0.6003990024937657
2012,york,5,0.6003990024937657
2013,careful,5,0.6003990024937657
2014,//t.co/v3wbxhzyi8,5,0.6003990024937657
2015,quand,5,0.6003990024937657
2016,explains,5,0.6003990024937657
2017,created,5,0.6003990024937657
2018,3d,5,0.6003990024937657
2019,//t.co/20n7fq7ces,5,0.6003990024937657
2020,//t.co/2jbupueygs,5,0.6003990024937657
2021,square,5,0.6003990024937657
2022,moms,5,0.6003990024937657
2023,financial,5,0.6003990024937657
2024,hillary,5,0.6003990024937657
2025,gusto,5,0.6003990024937657
2026,robertabud,5,0.6003990024937657
2027,testing,5,0.6003990024937657
2028,novo,5,0.6003990024937657
2029,charge,5,0.6003990024937657
2030,connect,5,0.6003990024937657
2031,fulcrumgallery,5,0.6003990024937657
2032,weather,5,0.6003990024937657
2033,miss_tattoo,5,0.6003990024937657
2034,sing,5,0.6003990024937657
2035,normal,5,0.6003990024937657
2036,club,5,0.6003990024937657
2037,charlie,5,0.6003990024937657
2038,kill,5,0.6003990024937657
2039,geriatrics,5,0.6003990024937657
2040,espn,5,0.6003990024937657
2041,all-stars,5,0.6003990024937657
2042,joe√¢‚Ç¨‚Ñ¢s,5,0.6003990024937657
2043,doll,5,0.6003990024937657
2044,nachosarah,5,0.6003990024937657
2045,codysimpson,5,0.6003990024937657
2046,catrides,5,0.6003990024937657
2047,ttfo,5,0.6003990024937657
2048,bug,5,0.6003990024937657
2049,//t.co/wvlhgwfcgs,5,0.6003990024937657
2050,billion,5,0.6003990024937657
2051,//t.co/djhph1yhql,5,0.6003990024937657
2052,nostalgia,5,0.6003990024937657
2053,places,5,0.6003990024937657
2054,huge,5,0.6003990024937657
2055,scea,5,0.6003990024937657
2056,productivity,5,0.6003990024937657
2057,kinda,5,0.6003990024937657
2058,//t.co/sgtupmbm,5,0.6003990024937657
2059,//t.co/gdxlbnpdtm,5,0.6003990024937657
2060,breakfast,5,0.6003990024937657
2061,//t.co/awkgj2bz2i,5,0.6003990024937657
2062,treat,5,0.6003990024937657
2063,ariana,5,0.6003990024937657
2064,mjschrader,5,0.6003990024937657
2065,beginning,5,0.6003990024937657
2066,served,5,0.6003990024937657
2067,unexpected,5,0.6003990024937657
2068,stuart,5,0.6003990024937657
2069,//t.co/smr70dvnsx,5,0.6003990024937657
2070,apocalypse,5,0.6003990024937657
2071,mick,5,0.6003990024937657
2072,21,5,0.6003990024937657
2073,app,5,0.6003990024937657
2074,piece,5,0.6003990024937657
2075,clothing,5,0.6003990024937657
2076,surveys,5,0.6003990024937657
2077,//t.co/uqszyeoipa,5,0.6003990024937657
2078,murphy,5,0.6003990024937657
2079,jennifer,5,0.6003990024937657
2080,quickly,5,0.6003990024937657
2081,brand,5,0.6003990024937657
2082,l2lsweeps,5,0.6003990024937657
2083,nexus,5,0.6003990024937657
2084,heavy,5,0.6003990024937657
2085,brings,5,0.6003990024937657
2086,wildbutterflyboutique,5,0.6003990024937657
2087,vouchers,5,0.6003990024937657
2088,//t.co/bi2dmyxr,5,0.6003990024937657
2089,compatible,5,0.6003990024937657
2090,bene,5,0.6003990024937657
2091,flair,5,0.6003990024937657
2092,strong,5,0.6003990024937657
2093,nobody,5,0.6003990024937657
2094,emma,5,0.6003990024937657
2095,bottom,5,0.6003990024937657
2096,pursuit,5,0.6003990024937657
2097,comics,5,0.6003990024937657
2098,titanfall,5,0.6003990024937657
2099,android,5,0.6003990024937657
2100,none,5,0.6003990024937657
2101,dude,5,0.6003990024937657
2102,//t.co/ik8l9dotxa,5,0.6003990024937657
2103,crmediahub,5,0.6003990024937657
2104,//t.co/dkim5yxate,5,0.6003990024937657
2105,programa,5,0.6003990024937657
2106,source,5,0.6003990024937657
2107,doflakiin,5,0.6003990024937657
2108,pcgamer,5,0.6003990024937657
2109,jkndewscarebear,5,0.6003990024937657
2110,reply,5,0.6003990024937657
2111,langnickel,5,0.6003990024937657
2112,asked,5,0.6003990024937657
2113,badge,5,0.6003990024937657
2114,//t.co/8fducii5wf,5,0.6003990024937657
2115,mafia,5,0.6003990024937657
2116,5/23,5,0.6003990024937657
2117,23,5,0.6003990024937657
2118,named,5,0.6003990024937657
2119,√¢,5,0.6003990024937657
2120,//t.co/peqaci6x5c,5,0.6003990024937657
2121,coconut,5,0.6003990024937657
2122,pieces,5,0.6003990024937657
2123,pencil,5,0.6003990024937657
2124,oral,5,0.6003990024937657
2125,tm,5,0.6003990024937657
2126,laughed,5,0.6003990024937657
2127,karaoke,5,0.6003990024937657
2128,maymamas,5,0.6003990024937657
2129,3gs,5,0.6003990024937657
2130,sub,5,0.6003990024937657
2131,present,5,0.6003990024937657
2132,chews,5,0.6003990024937657
2133,theme,5,0.6003990024937657
2134,auf,5,0.6003990024937657
2135,passed,5,0.6003990024937657
2136,dancer,5,0.6003990024937657
2137,spa,5,0.6003990024937657
2138,knowing,5,0.6003990024937657
2139,ion,5,0.6003990024937657
2140,financialfreedom,5,0.6003990024937657
2141,contact,5,0.6003990024937657
2142,roped,5,0.6003990024937657
2143,bought,5,0.6003990024937657
2144,spread,5,0.6003990024937657
2145,sassy,5,0.6003990024937657
2146,announced,5,0.6003990024937657
2147,becoming,5,0.6003990024937657
2148,311,5,0.6003990024937657
2149,love2love,5,0.6003990024937657
2150,celebration,5,0.6003990024937657
2151,chicks,5,0.6003990024937657
2152,advance,5,0.6003990024937657
2153,sets,5,0.6003990024937657
2154,love2lovewalmart,5,0.6003990024937657
2155,profits,5,0.6003990024937657
2156,levi,5,0.6003990024937657
2157,nga,5,0.6003990024937657
2158,beads,5,0.6003990024937657
2159,coisas,5,0.6003990024937657
2160,duty,5,0.6003990024937657
2161,survival,5,0.6003990024937657
2162,brush,5,0.6003990024937657
2163,window,5,0.6003990024937657
2164,cannabis,5,0.6003990024937657
2165,killing,5,0.6003990024937657
2166,stan,5,0.6003990024937657
2167,frame,5,0.6003990024937657
2168,biagi,5,0.6003990024937657
2169,worked,5,0.6003990024937657
2170,japan,5,0.6003990024937657
2171,boutique,5,0.6003990024937657
2172,beats,5,0.6003990024937657
2173,branding,5,0.6003990024937657
2174,planning,5,0.6003990024937657
2175,agora,5,0.6003990024937657
2176,dragon,5,0.6003990024937657
2177,19,5,0.6003990024937657
2178,//t.co/lbztals2mp,5,0.6003990024937657
2179,fly,5,0.6003990024937657
2180,scoop,5,0.6003990024937657
2181,mr,5,0.6003990024937657
2182,awake,5,0.6003990024937657
2183,framed/canvas/laminate,5,0.6003990024937657
2184,uma,5,0.6003990024937657
2185,fragrances,5,0.6003990024937657
2186,cedar,5,0.6003990024937657
2187,stylus,5,0.6003990024937657
2188,ray,5,0.6003990024937657
2189,designed,5,0.6003990024937657
2190,death,5,0.6003990024937657
2191,fired,5,0.6003990024937657
2192,//t.co/o6baypxh8r,5,0.6003990024937657
2193,farmgirlsdabble,5,0.6003990024937657
2194,flat,5,0.6003990024937657
2195,lewis,5,0.6003990024937657
2196,ending,5,0.6003990024937657
2197,cisco,5,0.6003990024937657
2198,chicken,5,0.6003990024937657
2199,sites,5,0.6003990024937657
2200,120,5,0.6003990024937657
2201,maker,5,0.6003990024937657
2202,lbs,5,0.6003990024937657
2203,22,5,0.6003990024937657
2204,realize,5,0.6003990024937657
2205,tree,5,0.6003990024937657
2206,age,5,0.6003990024937657
2207,momsgifts,5,0.6003990024937657
2208,boston,5,0.6003990024937657
2209,ano,5,0.6003990024937657
2210,giftcard,5,0.6003990024937657
2211,ok.,5,0.6003990024937657
2212,blogger,5,0.6003990024937657
2213,//t.co/vcg53xhtqr,5,0.6003990024937657
2214,fangirl,5,0.6003990024937657
2215,moon,5,0.6003990024937657
2216,golden,5,0.6003990024937657
2217,trick,5,0.6003990024937657
2218,fanbase,5,0.6003990024937657
2219,longer,5,0.6003990024937657
2220,//t.co/egsuysuroj,5,0.6003990024937657
2221,consistent,5,0.6003990024937657
2222,//t.co/v8wx3byu4h,5,0.6003990024937657
2223,guilty,5,0.6003990024937657
2224,thursday,5,0.6003990024937657
2225,celebrating,5,0.6003990024937657
2226,lil,5,0.6003990024937657
2227,//t.co/ssrk28knz8,5,0.6003990024937657
2228,orange,5,0.6003990024937657
2229,unique,5,0.6003990024937657
2230,carrying,5,0.6003990024937657
2231,planet,5,0.6003990024937657
2232,seminar,5,0.6003990024937657
2233,siopatt,5,0.6003990024937657
2234,josh,5,0.6003990024937657
2235,systems,5,0.6003990024937657
2236,newest,5,0.6003990024937657
2237,tmr15,5,0.6003990024937657
2238,realcaboodles,5,0.6003990024937657
2239,juice,5,0.6003990024937657
2240,cunt,5,0.6003990024937657
2241,participe,5,0.6003990024937657
2242,quad-level,5,0.6003990024937657
2243,songs,5,0.6003990024937657
2244,resources,5,0.6003990024937657
2245,wth,5,0.6003990024937657
2246,trixiestacey,5,0.6003990024937657
2247,dial,5,0.6003990024937657
2248,//t.co/gopdxhzbg0,5,0.6003990024937657
2249,beta,5,0.6003990024937657
2250,chase,5,0.6003990024937657
2251,ios,5,0.6003990024937657
2252,constantly,5,0.6003990024937657
2253,thx,5,0.6003990024937657
2254,√¢‚Äì¬∏top,5,0.6003990024937657
2255,husband,5,0.6003990024937657
2256,older,5,0.6003990024937657
2257,turns,5,0.6003990024937657
2258,jenny,5,0.6003990024937657
2259,stick,5,0.6003990024937657
2260,thanksgiving,5,0.6003990024937657
2261,student,5,0.6003990024937657
2262,//t.co/el40nocu5w,5,0.6003990024937657
2263,woke,5,0.6003990024937657
2264,butterfly,5,0.6003990024937657
2265,lodge,5,0.6003990024937657
2266,cure,5,0.6003990024937657
2267,worldwide,5,0.6003990024937657
2268,pants,5,0.6003990024937657
2269,judymick,5,0.6003990024937657
2270,ao,5,0.6003990024937657
2271,notice,5,0.6003990024937657
2272,reusable,5,0.6003990024937657
2273,float,5,0.6003990024937657
2274,vol,5,0.6003990024937657
2275,former,5,0.6003990024937657
2276,charliepaul_,5,0.6003990024937657
2277,divoga,5,0.6003990024937657
2278,mm,5,0.6003990024937657
2279,ht,5,0.6003990024937657
2280,vidaliaonions1,5,0.6003990024937657
2281,trouble,5,0.6003990024937657
2282,368,5,0.6003990024937657
2283,tr√£¬©s,5,0.6003990024937657
2284,boost,5,0.6003990024937657
2285,singing,5,0.6003990024937657
2286,//t.co/puchujwhw8,5,0.6003990024937657
2287,canoncamera,5,0.6003990024937657
2288,glass,5,0.6003990024937657
2289,oregoncoupongui,5,0.6003990024937657
2290,entrepreneur,5,0.6003990024937657
2291,onbb,5,0.6003990024937657
2292,steve,5,0.6003990024937657
2293,sarah,5,0.6003990024937657
2294,unlimited,5,0.6003990024937657
2295,haters,5,0.6003990024937657
2296,industries,5,0.6003990024937657
2297,mistakes,5,0.6003990024937657
2298,mga,5,0.6003990024937657
2299,//t.co/cojhbp7nkv,5,0.6003990024937657
2300,twilight,5,0.6003990024937657
2301,corner,5,0.6003990024937657
2302,ate,5,0.6003990024937657
2303,je,5,0.6003990024937657
2304,backup,5,0.6003990024937657
2305,//t.co/uwr3evxzgh,5,0.6003990024937657
2306,especially,5,0.6003990024937657
2307,vehicle,5,0.6003990024937657
2308,//t.co/‚Ä¶,5,0.6003990024937657
2309,techniques,5,0.6003990024937657
2310,troll,5,0.6003990024937657
2311,//t.co/9phhsbjr2m,5,0.6003990024937657
2312,journal,5,0.6003990024937657
2313,williamssonoma,5,0.6003990024937657
2314,cutting,5,0.6003990024937657
2315,taste,5,0.6003990024937657
2316,manonood,5,0.6003990024937657
2317,regular,5,0.6003990024937657
2318,shape,5,0.6003990024937657
2319,score,5,0.6003990024937657
2320,wifi,5,0.6003990024937657
2321,imagine,5,0.6003990024937657
2322,batgirl,5,0.6003990024937657
2323,nelson,5,0.6003990024937657
2324,ethical,5,0.6003990024937657
2325,//t.co/mv4kxohkux,5,0.6003990024937657
2326,kiss,5,0.6003990024937657
2327,ipod,5,0.6003990024937657
2328,nasa,5,0.6003990024937657
2329,//t.co/d9kza22t4t,5,0.6003990024937657
2330,labor,5,0.6003990024937657
2331,shirt,5,0.6003990024937657
2332,chew,5,0.6003990024937657
2333,asus,5,0.6003990024937657
2334,domino,5,0.6003990024937657
2335,jackson,5,0.6003990024937657
2336,throughyoureyes,5,0.6003990024937657
2337,comixology,5,0.6003990024937657
2338,trading,5,0.6003990024937657
2339,ga,5,0.6003990024937657
2340,andldquo,5,0.6003990024937657
2341,girlgonemom,5,0.6003990024937657
2342,goodie,5,0.6003990024937657
2343,kermelplz,5,0.6003990024937657
2344,//t.co/zvcsjn4f2w,5,0.6003990024937657
2345,favorites,5,0.6003990024937657
2346,//t.co/bt3fyriqui,5,0.6003990024937657
2347,profile,5,0.6003990024937657
2348,//t.co/l39xoidejd,5,0.6003990024937657
2349,study,5,0.6003990024937657
2350,four,5,0.6003990024937657
2351,often,5,0.6003990024937657
2352,roll,5,0.6003990024937657
2353,//t.co/eo45j7rwbi,5,0.6003990024937657
2354,everywhere,5,0.6003990024937657
2355,nra,5,0.6003990024937657
2356,mamadropsthebeattoo,5,0.6003990024937657
2357,parker,5,0.6003990024937657
2358,faves,5,0.6003990024937657
2359,product,5,0.6003990024937657
2360,egg,5,0.6003990024937657
2361,turned,5,0.6003990024937657
2362,michaels,5,0.6003990024937657
2363,andromeda,5,0.6003990024937657
2364,mass,5,0.6003990024937657
2365,national,5,0.6003990024937657
2366,yun,5,0.6003990024937657
2367,november,5,0.6003990024937657
2368,200rv,5,0.6003990024937657
2369,seem,5,0.6003990024937657
2370,folks,5,0.6003990024937657
2371,17,5,0.6003990024937657
2372,sprint,5,0.6003990024937657
2373,dnt,5,0.6003990024937657
2374,k,5,0.6003990024937657
2375,mtvema,5,0.6003990024937657
2376,sending,5,0.6003990024937657
2377,jagger,5,0.6003990024937657
2378,nigga,5,0.6003990024937657
2379,wahhhh,5,0.6003990024937657
2380,tablets,5,0.6003990024937657
2381,//t.c‚Ä¶,5,0.6003990024937657
2382,dammyoyeyemi,5,0.6003990024937657
2383,wit,5,0.6003990024937657
2384,happiness,5,0.6003990024937657
2385,rockstargames,5,0.6003990024937657
2386,tax,5,0.6003990024937657
2387,superhero,5,0.6003990024937657
2388,competition,5,0.6003990024937657
2389,//t.co/j8agyubltl,5,0.6003990024937657
2390,yellow,5,0.6003990024937657
2391,matte,5,0.6003990024937657
2392,discount,5,0.6003990024937657
2393,chef,5,0.6003990024937657
2394,crap,5,0.6003990024937657
2395,canadian,5,0.6003990024937657
2396,thats,5,0.6003990024937657
2397,demons,5,0.6003990024937657
2398,noticed,5,0.6003990024937657
2399,roku,5,0.6003990024937657
2400,quit,5,0.6003990024937657
2401,oopsimpregnant,5,0.6003990024937657
2402,//t.co/tm5vysitjc,5,0.6003990024937657
2403,brewers,5,0.6003990024937657
2404,episodes,5,0.6003990024937657
2405,efforts,5,0.6003990024937657
2406,tx,5,0.6003990024937657
2407,indian,5,0.6003990024937657
2408,jonathanrknight,5,0.6003990024937657
2409,wonderfulvap,5,0.6003990024937657
2410,asti_chan,5,0.6003990024937657
2411,hook,5,0.6003990024937657
2412,names,5,0.6003990024937657
2413,correct,5,0.6003990024937657
2414,push,5,0.6003990024937657
2415,high5,5,0.6003990024937657
2416,poor,5,0.6003990024937657
2417,trade,5,0.6003990024937657
2418,havingfunsaving,5,0.6003990024937657
2419,throw,5,0.6003990024937657
